<?xml version="1.0" encoding="UTF-8"?>
<!DOCTYPE mapper PUBLIC "-//mybatis.org//DTD Mapper 3.0//EN" "http://mybatis.org/dtd/mybatis-3-mapper.dtd">

<mapper namespace="com.puppy.client.inquiry.dao.InquiryDao">

	<!-- 리스트 -->
	<select id="inquiryList" resultType="inquiry">
		SELECT q_no, m_id, q_title, to_char(q_regdate,'YYYY-MM-DD') as q_regdate
		FROM inquiry_tbl
		ORDER BY q_no desc
	</select>
	
	<!-- 상세 페이지 게시물 조회 -->
	<select id="inquiryDetail" parameterType="int" resultType="inquiry">
		select
			q_no, m_id, q_title, q_content,
			to_char(q_regdate,'YYYY-MM-DD HH24:MI:SS') as q_regdate
			from inquiry_tbl
			where q_no = #{q_no}
	</select>
	
	<!-- 게시글 등록 -->
	<insert id="inquiryInsert" parameterType="inquiry">
		<selectKey keyProperty="q_no" resultType="int" order="BEFORE">
			select inquiry_tbl_seq.nextval from dual
		</selectKey>
			insert into inquiry_tbl(
				q_no,
				m_id,
				q_title,
				q_content
			)
			values(
				#{q_no},
				#{m_id},
				#{q_title},
				#{q_content}
			)
	</insert>
	
	<!-- 게시물  수정 -->
	<update id="inquiryUpdate" parameterType="inquiry" >
		UPDATE inquiry_tbl
			   SET q_title = #{q_title}
			     , q_content = #{q_content}
			     , q_regdate = sysdate
		WHERE q_no = #{q_no}	
	</update>
	
	<!-- 게시물 삭제 -->
	<delete id="inquirtDelete" parameterType="inquiry">
		delete from inquiry_tbl where q_no = #{q_no}
	</delete>
	
	
</mapper>