<?xml version="1.0" encoding="UTF-8"?>
<!DOCTYPE mapper PUBLIC "-//mybatis.org//DTD Mapper 3.0//EN" "http://mybatis.org/dtd/mybatis-3-mapper.dtd">

<mapper namespace="com.puppy.admin.reply.dao.ReplyDao">
	<!-- 댓글 전체 조회(해당 게시물번호에 대해) -->
	<select id="replyList" parameterType="reply" resultType="reply">
		select reply_no, q_no, reply_registrant, reply_content, to_char(reply_regdate,'YYYY-MM-DD HH24:MI:SS') as reply_regdate
		from reply_tbl
		where q_no=#{q_no}
		order by reply_no desc
	</select>
	
	<!-- 댓글 등록 -->
	<insert id="replyInsert" parameterType="reply">
		<selectKey keyProperty="reply_no" resultType="int" order="BEFORE">
			select reply_tbl_seq.nextval from dual
		</selectKey>
			insert into reply_tbl(
				reply_no, q_no, reply_registrant, reply_content
			)values(
				#{reply_no},#{q_no},#{reply_registrant},#{reply_content}
			)
	</insert>
	
	<!-- 댓글 수정 -->
	<update id="replyUpdate" parameterType="reply">
		update reply_tbl
		set reply_content = #{reply_content},
		reply_regdate = sysdate
		where reply_no = #{reply_no}
	</update>
	
	<!-- 댓글 삭제 -->
	<delete id="replyDelete" parameterType="reply">
		delete from reply_tbl where reply_no=#{reply_no}
	</delete>
</mapper>