<?xml version="1.0" encoding="UTF-8"?>
<beans xmlns="http://www.springframework.org/schema/beans"
	xmlns:xsi="http://www.w3.org/2001/XMLSchema-instance"
	xmlns:aop="http://www.springframework.org/schema/aop"
	xmlns:tx="http://www.springframework.org/schema/tx"
	xsi:schemaLocation="http://www.springframework.org/schema/beans https://www.springframework.org/schema/beans/spring-beans.xsd
		http://www.springframework.org/schema/aop http://www.springframework.org/schema/aop/spring-aop-4.3.xsd
		http://www.springframework.org/schema/tx http://www.springframework.org/schema/tx/spring-tx-4.3.xsd">

	<!-- Root Context: defines shared resources visible to all other web components -->
	<!-- DB Connection -->
	<!-- DataSource -->
	<bean id="dataSource"
		class="org.springframework.jndi.JndiObjectFactoryBean">
		<property name="jndiName" value="java:comp/env/jdbc/Oracle" />
	</bean>

	<bean id="sqlSessionFactory"
		class="org.mybatis.spring.SqlSessionFactoryBean">
		<property name="dataSource" ref="dataSource" />
		<property name="configLocation"
			value="classPath:config/mybatis-config.xml" />
		<property name="mapperLocations" value="classpath:query/*.xml" />
	</bean>

	<bean id="sqlSession"
		class="org.mybatis.spring.SqlSessionTemplate"
		destroy-method="clearCache">
		<constructor-arg name="sqlSessionFactory"
			ref="sqlSessionFactory" />
	</bean>


	<!-- a Platform -->
	<bean id="transactionManager"
		class="org.springframework.jdbc.datasource.DataSourceTransactionManager">
		<property name="dataSource" ref="dataSource" />
	</bean>


	<bean id="mailSender" class="org.springframework.mail.javamail.JavaMailSenderImpl"> 
		 <property name="host" value="smtp.naver.com"/> <!-- 메이서버 호스트 -->
		 <property name="port" value="465"/> <!-- 메이서버 포트번호 -->
 		 <property name="username" value="chan978"/> <!-- 자신의 이메일 아이디 -->
 		 <property name="password" value="solarplant97!"/> <!-- 자신의 비밀번호 -->
  		 <!-- 보안연결 SSL과 관련된 설정 -->
 		 <property name="javaMailProperties">
  		 <props>
  		 	<prop key="mail.smtp.auth">true</prop>
 		 	<prop key="mail.smtp.starttls.enable">true</prop>
  		 	<prop key="mail.smtps.checkserveridentity">true</prop>
  		 	<prop key="mail.smtps.ssl.trust">*</prop>
 			 <prop key="mail.debug">true</prop>
  		 	<prop key="mail.smtp.socketFactory.class">javax.net.ssl.SSLSocketFactory</prop>
  		</props>
 		</property>
	</bean>
	<!-- 
	<bean class="org.mybatis.spring.mapper.MapperScannerConfigurer">
		<property name="basePackage">
			<value>com.puppy.**.**.dao</value>
		</property>
	</bean> -->
	
</beans>
